696techila696;ARMARK77a;Admin;Aethelgard;AleksX;Aleksa;Almus;Arca;BERKAY;BarrabasAli;Bebouuuuuu;Budice;CeltyK;Dani mend;Dhencools;DoNPL;EVA;EventAccount;Foremaker;Galadriel;Gentleman;GostBlack;HARD;Hiiiiiiii;Indigo_Atelier;JORDANft;JackSparow;Jurek;KuKuDi;Leo73;Lunatic4ever;Mango;Maryan;Mat018;Maur556762tyj;Mystik;NeroX;Nexfox;Niko;Ozzy97;PABLITOR66;PolakZPolski;REDKIT;ReD;Riyno;Rodrhym;Scartet;Shadower;Sprite;TataAiD;Tester1;Tester2;Tinex;Toros34;UyKuSuZ;Vis4moun;XxEmperorKeroxX;Xxhhh;acquarius;aztek;beberuhi;beelzebub;bilemenko;boudiou200;burn_the-priest;cortrz;crucho;dandiniko;dani0712;dlb;draken6666;dule;eghgdkj;eh_ich;gabprime;joaquin;jusn;kedi;kiara;lilithcross;luisabella65;luizito;miha1027;mike88;nasaorion;oceanschumi_rigel;oyunbozan;p23;pawok;queelaana;rom651402;sierra117;skull1;snorlax;thor;ttrlp;wojsio89
[1:12:12];[1:11:8];[1:1:1];[1:18:9];[1:29:7];[1:14:1];[1:30:3];[1:12:10];[1:28:7];[1:31:7];[1:21:11];[1:10:11];[1:19:11];[1:7:7];[1:23:8];[1:10:4];[1:28:6];[1:3:9];[1:13:4];[1:26:6];[1:23:7];[1:1:9];[1:9:5];[1:1:15];[1:3:12];[1:8:3];[1:1:8];[1:3:5];[1:2:6];[1:21:7];[1:19:4];[1:1:14];[1:26:10];[1:3:3];[1:4:4];[1:24:15];[1:28:5];[1:1:4];[1:20:10];[1:20:9];[1:13:7];[1:15:7];[1:1:2];[1:22:8];[1:8:15];[1:3:1];[1:8:5];[1:22:4];[1:11:4];[1:2:12];[1:1:12];[1:2:7];[1:25:4];[1:2:1];[1:2:5];[1:1:3];[1:27:10];[1:16:9];[1:10:9];[1:31:1];[1:32:10];[1:16:8];[1:22:11];[1:12:7];[1:18:11];[1:7:10];[1:25:3];[1:27:9];[1:15:15];[1:1:13];[1:17:5];[1:21:5];[1:25:6];[1:21:4];[1:7:8];[1:6:5];[1:9:12];[1:13:10];[1:24:9];[1:8:9];[1:32:9];[1:25:9];[1:5:15];[1:13:8];[1:10:6];[1:1:6];[1:15:9];[1:16:7];[1:22:10];[1:23:6];[1:30:8];[1:5:12];[1:17:7];[1:14:7];[1:22:7];[1:17:12];[1:20:5]
;;;[1:18:10];;[1:14:2];[1:31:9];[1:21:8];;;;;;;;[1:18:5];;[1:3:11];[1:13:5];[1:26:7];;;;;;;;[1:3:6];;;;;;[1:3:4];;;;;[1:20:11];;;[1:15:11];;;;;[1:8:6];;[1:11:5];;;;;;[1:3:15];;[1:27:11];;;;;;;;;;[1:26:3];[1:28:10];;;;[1:21:6];;;[1:9:7];;;;;;;[1:25:10];;;[1:10:7];;;;;;;;[1:17:14];[1:15:6];;;
;;;;;[1:14:3];[1:31:10];;;;;;;;;[1:19:5];;[1:4:11];[1:13:6];[1:26:8];;;;;;;;[1:3:7];;;;;;;;;;;;;;;;;;;[1:8:7];;[1:12:4];;;;;;;;[1:27:12];;;;;;;;;;[1:27:3];[1:29:8];;;;[1:21:15];;;[1:9:13];;;;;;;;;;[1:10:8];;;;;;;;;;;;
;;;;;;;;;;;;;;;[1:24:4];;[1:5:6];;[1:27:7];;;;;;;;;;;;;;;;;;;;;;;;;;;;;[1:12:5];;;;;;;;[1:28:8];;;;;;;;;;[1:27:4];[1:29:9];;;;[1:25:5];;;[1:18:6];;;;;;;;;;[1:10:10];;;;;;;;;;;;
;;;;;;;;;;;;;;;[1:29:4];;[1:6:7];;[1:27:8];;;;;;;;;;;;;;;;;;;;;;;;;;;;;[1:12:11];;;;;;;;[1:28:9];;;;;;;;;;[1:27:5];[1:30:9];;;;[1:26:4];;;;;;;;;;;;;;;;;;;;;;;;;
;;;;;;;;;;;;;;;;;[1:6:11];;;;;;;;;;;;;;;;;;;;;;;;;;;;;;;;;;;;;;;[1:28:15];;;;;;;;;;[1:29:3];;;;;[1:26:5];;;;;;;;;;;;;;;;;;;;;;;;;
;;;;;;;;;;;;;;;;;[1:7:9];;;;;;;;;;;;;;;;;;;;;;;;;;;;;;;;;;;;;;;;;;;;;;;;;;;;;;[1:26:11];;;;;;;;;;;;;;;;;;;;;;;;;
;;;;;;;;;;;;;;;;;[1:11:7];;;;;;;;;;;;;;;;;;;;;;;;;;;;;;;;;;;;;;;;;;;;;;;;;;;;;;[1:27:6];;;;;;;;;;;;;;;;;;;;;;;;;
;;;;;;;;;;;;;;;;;[1:13:3];;;;;;;;;;;;;;;;;;;;;;;;;;;;;;;;;;;;;;;;;;;;;;;;;;;;;;;;;;;;;;;;;;;;;;;;;;;;;;;
;;;;;;;;;;;;;;;;;[1:13:9];;;;;;;;;;;;;;;;;;;;;;;;;;;;;;;;;;;;;;;;;;;;;;;;;;;;;;;;;;;;;;;;;;;;;;;;;;;;;;;
;;;;;;;;;;;;;;;;;[1:19:8];;;;;;;;;;;;;;;;;;;;;;;;;;;;;;;;;;;;;;;;;;;;;;;;;;;;;;;;;;;;;;;;;;;;;;;;;;;;;;;
;;;;;;;;;;;;;;;;;[1:19:10];;;;;;;;;;;;;;;;;;;;;;;;;;;;;;;;;;;;;;;;;;;;;;;;;;;;;;;;;;;;;;;;;;;;;;;;;;;;;;;
;;;;;;;;;;;;;;;;;[1:20:6];;;;;;;;;;;;;;;;;;;;;;;;;;;;;;;;;;;;;;;;;;;;;;;;;;;;;;;;;;;;;;;;;;;;;;;;;;;;;;;
;;;;;;;;;;;;;;;;;[1:23:5];;;;;;;;;;;;;;;;;;;;;;;;;;;;;;;;;;;;;;;;;;;;;;;;;;;;;;;;;;;;;;;;;;;;;;;;;;;;;;;
;;;;;;;;;;;;;;;;;[1:23:12];;;;;;;;;;;;;;;;;;;;;;;;;;;;;;;;;;;;;;;;;;;;;;;;;;;;;;;;;;;;;;;;;;;;;;;;;;;;;;;
;;;;;;;;;;;;;;;;;[1:28:3];;;;;;;;;;;;;;;;;;;;;;;;;;;;;;;;;;;;;;;;;;;;;;;;;;;;;;;;;;;;;;;;;;;;;;;;;;;;;;;
;;;;;;;;;;;;;;;;;[1:29:10];;;;;;;;;;;;;;;;;;;;;;;;;;;;;;;;;;;;;;;;;;;;;;;;;;;;;;;;;;;;;;;;;;;;;;;;;;;;;;;
;;;;;;;;;;;;;;;;;[1:30:5];;;;;;;;;;;;;;;;;;;;;;;;;;;;;;;;;;;;;;;;;;;;;;;;;;;;;;;;;;;;;;;;;;;;;;;;;;;;;;;
;;;;;;;;;;;;;;;;;[1:30:6];;;;;;;;;;;;;;;;;;;;;;;;;;;;;;;;;;;;;;;;;;;;;;;;;;;;;;;;;;;;;;;;;;;;;;;;;;;;;;;
;;;;;;;;;;;;;;;;;[1:31:11];;;;;;;;;;;;;;;;;;;;;;;;;;;;;;;;;;;;;;;;;;;;;;;;;;;;;;;;;;;;;;;;;;;;;;;;;;;;;;;
;;;;;;;;;;;;;;;;;[1:32:5];;;;;;;;;;;;;;;;;;;;;;;;;;;;;;;;;;;;;;;;;;;;;;;;;;;;;;;;;;;;;;;;;;;;;;;;;;;;;;;
;;;;;;;;;;;;;;;;;[1:32:11];;;;;;;;;;;;;;;;;;;;;;;;;;;;;;;;;;;;;;;;;;;;;;;;;;;;;;;;;;;;;;;;;;;;;;;;;;;;;;;
